module,count
d3-legend,71
d3-jetpack,58
d3-starterkit,47
d3-3,43
d3-tip,27
d3-queue,21
d3-scale,13
d3-grid,12
d3-iconarray,8
d3-time,7
d3-timer,6
d3-path,6
d3-array,6
d3-polygon,5
d3-shape,5
d3-comparator,3
d3-selection,3
d3-random,3
d3-voronoi,3
d3-ForceEdgeBundling,3
d3-interpolate,2
d3-glyphEdge,2
d3-axis,2
d3-geomap,2
d3-x3dom-axis,2
d3-ease,2
d3-dropdownmenu,2
d3-color,2
d3-format,2
d3-record,2
d3-hierarchy,2
d3-quadtree,2
d3-light,1
d3-viz,1
d3-radial,1
d3-jetpack-0,1
d3-randompoints,1
d3-timeline,1
d3-svg-legend-0,1
d3-tip-0,1
d3-directives,1
d3-collection,1
d3-financial-components,1
d3-transform,1
d3-context-menu,1
d3-layout-example,1
d3-hexbin,1
d3-2,1
d3-with-jetpack,1
d3-maps-choropleth-3f5e73b3328da99614131ce91e2a9dcf,1
d3-masonic,1
d3-time-format,1
d3-scale-chromatic,1
